pattern	provider
Young Academics	Young Academics
OSHClub	OSHClub & Helping Hands
Helping Hands	OSHClub & Helping Hands
Affinity	Affinity
Milestones	Affinity
Papilio	Affinity
Kids Academy	Affinity
Kindy Patch	Affinity
World of Learning	Affinity
Great Beginnings	Affinity
Bambino	Affinity
Little Zak	Little Zak's Academy
Little Zaks	Little Zak's Academy
Jenny	Jenny's Kindergarten
Goodstart	Goodstart Early Learning
Only About Children	Only About Children
TheirCare	TheirCare
Mini Masterminds	Mini Masterminds
Camp Australia	Camp Australia
Guardian	Guardian Childcare/Education
Busy Bees	Busy Bees
TeamKids	TeamKids
Montessori Academy	Montessori Academy
MindChamps	MindChamps
Oz Education	Oz Education
SCECS	SCECS OSHC
Aspire OSHC	Aspire OSHC
Story House	Story House Early Learning
Ambrose	Ambrose School Age Care
The Grove Academy	The Grove Academy
Kids Club	Kids Club
